{
    "objects": [
        {
            "image": "image_1_object_0.png",
            "label": "person",
            "confidence": "",
            "bounding_box": [
                [
                    229.0,
                    0.0
                ],
                [
                    509.0,
                    0.0
                ],
                [
                    509.0,
                    61.0
                ],
                [
                    229.0,
                    61.0
                ]
            ],
            "extracted_text": "Shor"
        },
        {
            "image": "image_1_object_0.png",
            "label": "person",
            "confidence": "",
            "bounding_box": [
                [
                    79.15371156325182,
                    23.0448886945671
                ],
                [
                    202.91105399285033,
                    66.81036782062401
                ],
                [
                    177.84628843674818,
                    132.9551113054329
                ],
                [
                    54.08894600714967,
                    89.18963217937599
                ]
            ],
            "extracted_text": "FN"
        },
        {
            "image": "image_1_object_0.png",
            "label": "sports ball",
            "confidence": "",
            "bounding_box": [
                [
                    229.0,
                    0.0
                ],
                [
                    509.0,
                    0.0
                ],
                [
                    509.0,
                    61.0
                ],
                [
                    229.0,
                    61.0
                ]
            ],
            "extracted_text": "Shor"
        },
        {
            "image": "image_1_object_0.png",
            "label": "sports ball",
            "confidence": "",
            "bounding_box": [
                [
                    79.15371156325182,
                    23.0448886945671
                ],
                [
                    202.91105399285033,
                    66.81036782062401
                ],
                [
                    177.84628843674818,
                    132.9551113054329
                ],
                [
                    54.08894600714967,
                    89.18963217937599
                ]
            ],
            "extracted_text": "FN"
        }
    ]
}