[
    {
        "image": "image_1_object_0.png",
        "label": "person",
        "confidence": 0.8929630517959595,
        "bbox": [
            2.948261260986328,
            0.0,
            527.3145751953125,
            294.5154724121094
        ]
    },
    {
        "image": "image_1_object_0.png",
        "label": "sports ball",
        "confidence": 0.2631353735923767,
        "bbox": [
            30.533815383911133,
            0.0,
            89.6130142211914,
            56.015716552734375
        ]
    }
]