[
    {
        "Image": "image_1_object_0.png",
        "Label": "person",
        "Confidence_ID": 0.8929630517959595,
        "XMin": 2.948261260986328,
        "YMin": 0.0,
        "XMax": 527.3145751953125,
        "YMax": 294.5154724121094,
        "BBox": "[[229.0, 0.0], [509.0, 0.0], [509.0, 61.0], [229.0, 61.0]]",
        "ExtractedText": "Shor",
        "Confidence_Text": 0.5047184228897095
    },
    {
        "Image": "image_1_object_0.png",
        "Label": "person",
        "Confidence_ID": 0.8929630517959595,
        "XMin": 2.948261260986328,
        "YMin": 0.0,
        "XMax": 527.3145751953125,
        "YMax": 294.5154724121094,
        "BBox": "[[79.15371156325182, 23.0448886945671], [202.91105399285033, 66.81036782062401], [177.84628843674818, 132.9551113054329], [54.08894600714967, 89.18963217937599]]",
        "ExtractedText": "FN",
        "Confidence_Text": 0.0781955053896132
    },
    {
        "Image": "image_1_object_0.png",
        "Label": "sports ball",
        "Confidence_ID": 0.2631353735923767,
        "XMin": 30.533815383911133,
        "YMin": 0.0,
        "XMax": 89.6130142211914,
        "YMax": 56.015716552734375,
        "BBox": "[[229.0, 0.0], [509.0, 0.0], [509.0, 61.0], [229.0, 61.0]]",
        "ExtractedText": "Shor",
        "Confidence_Text": 0.5047184228897095
    },
    {
        "Image": "image_1_object_0.png",
        "Label": "sports ball",
        "Confidence_ID": 0.2631353735923767,
        "XMin": 30.533815383911133,
        "YMin": 0.0,
        "XMax": 89.6130142211914,
        "YMax": 56.015716552734375,
        "BBox": "[[79.15371156325182, 23.0448886945671], [202.91105399285033, 66.81036782062401], [177.84628843674818, 132.9551113054329], [54.08894600714967, 89.18963217937599]]",
        "ExtractedText": "FN",
        "Confidence_Text": 0.0781955053896132
    }
]